Game;Players;Time;Complexity;Played;Mode;Picture;Genre;Favoritos
51st State: Master Set;2,3;Average;;Yes;Competitive;https://cf.geekdo-images.com/imagepage/img/e4-pi7E_tnCIlWSRqyAo1XtSsP4=/fit-in/900x600/filters:no_upscale()/pic2945432.jpg;;
7 Wonders;4,5,6,7;Short;;Yes;Competitive;https://cf.geekdo-images.com/imagepage/img/iCiVQ8UnKtO4wt9wBYS51_DXTFo=/fit-in/900x600/filters:no_upscale()/pic860217.jpg;;
7 Wonders Duel;2;Short;;Yes;Competitive;https://cf.geekdo-images.com/imagepage/img/K29SesN_KgIUDX0O5y71nGX_GsQ=/fit-in/900x600/filters:no_upscale()/pic3376065.jpg;;
Abyss;3,4;Long;;Yes;Competitive;https://cf.geekdo-images.com/imagepage/img/TDT9naTjCw2_-vGEyX1N0hot_j8=/fit-in/900x600/filters:no_upscale()/pic1965255.jpg;;
Adrenaline;4,5;;;No;Competitive;https://cf.geekdo-images.com/imagepage/img/xFPDawk_ppEFU662aEFHSqVMNes=/fit-in/900x600/filters:no_upscale()/pic3476604.jpg;;
Aeon's End;2,3;Average;;Yes;Cooperative;https://cf.geekdo-images.com/imagepage/img/8pfOS-9WSngCeImM-13VhN6a4ns=/fit-in/900x600/filters:no_upscale()/pic3189350.jpg;;
Agricola;2,3,4;;;No;Competitive;https://cf.geekdo-images.com/imagepage/img/lz9lR3hs-27immcniEQ4fsYJ7EM=/fit-in/900x600/filters:no_upscale()/pic259085.jpg;;
Agricola: Family Edition;2,3,4;Average;;Yes;Competitive;https://cf.geekdo-images.com/imagepage/img/YmoVsNfy9Zh3HPtPSTBu3eBlHRI=/fit-in/900x600/filters:no_upscale()/pic3136438.jpg;;Vivi
Airlines Europe;3,4,5;;;No;Competitive;https://cf.geekdo-images.com/imagepage/img/jSNkYnsEW5BkKJ0weg6-jmx0uIM=/fit-in/900x600/filters:no_upscale()/pic975416.jpg;;
Alchemists;2,3,4;Long;;Yes;Competitive;https://cf.geekdo-images.com/imagepage/img/6cA350FIgiK6iCz6QfpzqfIPz-0=/fit-in/900x600/filters:no_upscale()/pic2241156.png;;Vivi
Alhambra;3,4;Average;;Yes;Competitive;https://cf.geekdo-images.com/imagepage/img/6Cjb5yhek6Kat-EiBRK0owOKZLg=/fit-in/900x600/filters:no_upscale()/pic1502118.jpg;;Vivi
Alien Artifacts;2,3;Average;;Yes;Competitive;https://cf.geekdo-images.com/imagepage/img/XnQvZ5AGmTaQ_WpB9Ux-YbjClDU=/fit-in/900x600/filters:no_upscale()/pic3671706.jpg;;
Amerigo;2,3,4;;;No;Competitive;https://cf.geekdo-images.com/imagepage/img/WPJ_ZdjLv0s5Tf05XbfUAyN0gXg=/fit-in/900x600/filters:no_upscale()/pic1824151.jpg;;
Among the Stars;3,4;Average;;Yes;Competitive;https://cf.geekdo-images.com/imagepage/img/noVcuOZGMmqMdZlFDu6UYW6ZLFI=/fit-in/900x600/filters:no_upscale()/pic2037906.jpg;;
Anachrony;2,3,4;Long;;Yes;Competitive;https://cf.geekdo-images.com/imagepage/img/awllz3BEO-RQjSe_FJmEyOMKgqk=/fit-in/900x600/filters:no_upscale()/pic3499707.jpg;;Fred
AquaSphere;3,4;Average;;Yes;Competitive;https://cf.geekdo-images.com/imagepage/img/kq0ta0tBm8xFm-IOxY_60tt4hSA=/fit-in/900x600/filters:no_upscale()/pic2197124.jpg;;
Arcadia Quest;3,4;;;No;Competitive;https://cf.geekdo-images.com/imagepage/img/6xZMHb9Qosxo7942VjLJw9BrEx4=/fit-in/900x600/filters:no_upscale()/pic2305263.jpg;;
Arena: Roma II;2;Quick;;Yes;Competitive;https://cf.geekdo-images.com/imagepage/img/G75Yc9Q9sgWSnfEQ1slt8YbRXcc=/fit-in/900x600/filters:no_upscale()/pic578807.jpg;;
Argent: The Consortium;3,4;Long;;No;Competitive;https://cf.geekdo-images.com/imagepage/img/fta_5EvL9UdKqYV4x9o-OagG-WA=/fit-in/900x600/filters:no_upscale()/pic2336020.jpg;;
Ascension: Realms Unraveled;2,3;Short;;Yes;Competitive;https://cf.geekdo-images.com/imagepage/img/4E5osemrgwOmNVsT_-BhjmFkwaA=/fit-in/900x600/filters:no_upscale()/pic2054959.png;;Stephen
Automania;3,4;Average;;Yes;Competitive;https://cf.geekdo-images.com/imagepage/img/sifcFORGCysgzFQxaBgNhtA6aTo=/fit-in/900x600/filters:no_upscale()/pic3749920.jpg;;Vivi
Azul;2,3,4;Short;Casual;Yes;Competitive;https://cf.geekdo-images.com/imagepage/img/mswTFqJsQ_omcKa_y1yNfFMJP6M=/fit-in/900x600/filters:no_upscale()/pic3718275.jpg;;
BattleCON: Devastation of Indines;2,3,4;Short;;No;Competitive, Team-based, Cooperative;https://cf.geekdo-images.com/imagepage/img/4OMs8P6n5B2jiw6nY8Ib3i9nQyU=/fit-in/900x600/filters:no_upscale()/pic2407334.jpg;;
Best Treehouse Ever;3,4;Quick;Super Casual;Yes;Competitive;https://cf.geekdo-images.com/imagepage/img/vVN5BE5lDIbCoRmeqLm5BB5Fl8Y=/fit-in/900x600/filters:no_upscale()/pic2375542.png;;
Between Two Cities;4,5,6,7;Short;;No;Competitive;https://cf.geekdo-images.com/imagepage/img/q4LCOPrhgDxPGsyqVqQ-QK6cdtE=/fit-in/900x600/filters:no_upscale()/pic2326114.jpg;;
Blood Rage;3,4;Long;;Yes;Competitive;https://cf.geekdo-images.com/imagepage/img/op_BYsCGVw_PftIoCa-OWucsUFc=/fit-in/900x600/filters:no_upscale()/pic2439223.jpg;;Fred
Blue Moon Legends;2;;;Yes;Competitive;https://cf.geekdo-images.com/imagepage/img/pcQVC63LLuTWcKMYmX4Jr-FGTDY=/fit-in/900x600/filters:no_upscale()/pic1854836.jpg;;
Bohnanza;4,5;Average;Super Casual;Yes;Competitive;https://cf.geekdo-images.com/imagepage/img/0FuHaeHaNa_WI1aPD4Gq6BJvnGY=/fit-in/900x600/filters:no_upscale()/pic69366.jpg;;
Bora Bora;2,3,4;Average;;Yes;Competitive;https://cf.geekdo-images.com/imagepage/img/y-Rf41q5KcgjONDSMvaq3Tz0bLs=/fit-in/900x600/filters:no_upscale()/pic1542342.jpg;;
Broom Service;3,4,5;Average;;Yes;Competitive;https://cf.geekdo-images.com/imagepage/img/B5-ODUBlqgsmZhGX0_LYd8nokcw=/fit-in/900x600/filters:no_upscale()/pic2546156.jpg;;Fred
Bruges;2,3,4;Average;;Yes;Competitive;https://cf.geekdo-images.com/imagepage/img/9FeLpg-y-J9fM0Vg4ZigFPmH304=/fit-in/900x600/filters:no_upscale()/pic1652004.jpg;;
Bunny Kingdom;3,4;Average;;Yes;Competitive;https://cf.geekdo-images.com/imagepage/img/OnE89vS6P5H49HZo0Z3JSePQIDg=/fit-in/900x600/filters:no_upscale()/pic3613444.jpg;;Fred, Vivi, Steve
The Butterfly Garden;4;;;No;Competitive;https://cf.geekdo-images.com/imagepage/img/N_bdkrzbY1nh37ET8Xaz6oaAneE=/fit-in/900x600/filters:no_upscale()/pic3142367.jpg;;
Ca$h 'n Guns (Second Edition);5,6,7,8;Short;Super Casual;Yes;Competitive;https://cf.geekdo-images.com/imagepage/img/7HWmOHxhf5E5j_HTxb66QFky9B4=/fit-in/900x600/filters:no_upscale()/pic2907864.jpg;;
Camel Up;4,5,6;Short;Super Casual;Yes;Competitive;https://cf.geekdo-images.com/imagepage/img/d0qK4R5DzOB3Vyh79k0BB36kNfk=/fit-in/900x600/filters:no_upscale()/pic2031446.png;;Vivi
Captain Sonar;6,8;Quick;Casual;Yes;Team-Based;https://cf.geekdo-images.com/imagepage/img/eBQsy-K267ZgE_fNmxsbNDKUhng=/fit-in/900x600/filters:no_upscale()/pic3013621.png;;
Carcassonne;2,3,4,5;Short;;Yes;Competitive;https://cf.geekdo-images.com/imagepage/img/S_XL1k0RNpwuTOEZ1qTs7c8DjkE=/fit-in/900x600/filters:no_upscale()/pic1774274.jpg;;
Castell;3,4;;;No;Competitive;https://cf.geekdo-images.com/imagepage/img/WeJdxiIceKe7IoC_w65OiWccJKo=/fit-in/900x600/filters:no_upscale()/pic3984592.png;;
The Castles of Burgundy;2,3;Average;;Yes;Competitive;https://cf.geekdo-images.com/imagepage/img/_4By2Q78BdjTkK3g3YFwBoL4JbI=/fit-in/900x600/filters:no_upscale()/pic1176894.jpg;;
The Castles of Burgundy: The Card Game;2,3,4;Average;;Yes;Competitive;https://cf.geekdo-images.com/imagepage/img/Z16R0R2w8fwCE3SQS30eVHIRh2k=/fit-in/900x600/filters:no_upscale()/pic2844943.jpg;;
Castles of Mad King Ludwig;3,4;;;No;Competitive;https://cf.geekdo-images.com/imagepage/img/mO6F85B3br3WtNKTNSk1SEjOYN4=/fit-in/900x600/filters:no_upscale()/pic1961827.jpg;;
Catacombs & Castles;2,4;;;No;Team-Based;https://cf.geekdo-images.com/imagepage/img/Kj-1deugSVx-CbcQDrMro4-kGd4=/fit-in/900x600/filters:no_upscale()/pic3478320.jpg;;
Caverna: Cave vs Cave;2;Quick;;Yes;Competitive;https://cf.geekdo-images.com/imagepage/img/ftz9Dv93Kbym7-rbkqT4R90782k=/fit-in/900x600/filters:no_upscale()/pic3505750.jpg;;Vivi
Caverna: The Cave Farmers;2,3,4;;;No;Competitive;https://cf.geekdo-images.com/imagepage/img/EJEPrFsGdEwpi5gZqjB5UX6bbOI=/fit-in/900x600/filters:no_upscale()/pic1790789.jpg;;
Celestia;4,5,6;Short;Super Casual;Yes;Competitive;https://cf.geekdo-images.com/imagepage/img/eHGT0BNj7JbWL87oAqbtdO7bnpw=/fit-in/900x600/filters:no_upscale()/pic2577990.jpg;;
Century: Golem Edition;2,3,4;Average;;Yes;Competitive;https://cf.geekdo-images.com/imagepage/img/9AVR5irENfCgNxiXkAE6qvAOv9Q=/fit-in/900x600/filters:no_upscale()/pic3936124.jpg;;
Champions of Midgard;3,4;Long;;Yes;Competitive;https://cf.geekdo-images.com/imagepage/img/-0C2hyRukt2cW3Yfi2pM3MwUvPA=/fit-in/900x600/filters:no_upscale()/pic2869714.jpg;;Steve
Chimera Station;3,4;;;No;Competitive;https://cf.geekdo-images.com/imagepage/img/J26l7XbACpopb_cO18ckzXhmYJE=/fit-in/900x600/filters:no_upscale()/pic3160959.jpg;;
City of Iron: Second Edition;2,3;;;No;Competitive;https://cf.geekdo-images.com/imagepage/img/jb0WUm_2LdfsFFP30hzPgfaoQpY=/fit-in/900x600/filters:no_upscale()/pic2627609.jpg;;
Clank!: A Deck-Building Adventure;2,3,4;Short;;Yes;Competitive;https://cf.geekdo-images.com/imagepage/img/NN7XQ4STNFxORWup9BH8KJrsDPw=/fit-in/900x600/filters:no_upscale()/pic3056966.jpg;;Steve, Stephen, Vivi
Clans of Caledonia;3,4;;;No;Competitive;https://cf.geekdo-images.com/imagepage/img/Hq7JR4uJYZsqHdFJMf-M1mhLYwU=/fit-in/900x600/filters:no_upscale()/pic3511783.png;;
Claustrophobia;2;;;No;Competitive;https://cf.geekdo-images.com/imagepage/img/DeFRKawRE-pRoU5VLxBRpvU8k34=/fit-in/900x600/filters:no_upscale()/pic570518.jpg;;
Codenames;4,6,8;Quick;Super Casual;Yes;Team-Based;https://cf.geekdo-images.com/imagepage/img/BwJJTrofiaH0Muxuo5rv0VCmuCY=/fit-in/900x600/filters:no_upscale()/pic2582929.jpg;;
Coloretto;3,4,5;Quick;Super Casual;Yes;Competitive;https://cf.geekdo-images.com/imagepage/img/qdazEpOoSo7kghQOxbDY2ZyGYqM=/fit-in/900x600/filters:no_upscale()/pic149765.jpg;;
Colosseum;4,5;;;No;Competitive;https://cf.geekdo-images.com/imagepage/img/RnD1VU3vvdx6E-2GNSC0o9FcIaA=/fit-in/900x600/filters:no_upscale()/pic2729904.jpg;;
Colt Express;4,5,6;Average;;Yes;Competitive;https://cf.geekdo-images.com/imagepage/img/5XX6EXK-piFYSPswkoH03EOIDCo=/fit-in/900x600/filters:no_upscale()/pic2869710.jpg;;
Concordia;3,4;Long;;Yes;Competitive;https://cf.geekdo-images.com/imagepage/img/RGEIRpbvMY1wk3oo7W5YxRluPO8=/fit-in/900x600/filters:no_upscale()/pic3453267.jpg;;Fred
Cottage Garden;2,3,4;Average;;Yes;Competitive;https://cf.geekdo-images.com/imagepage/img/zRS6rxakRsmc2cczo1IinKATgEU=/fit-in/900x600/filters:no_upscale()/pic3499059.jpg;;Vivi
CO?;3,4;;;No;Competitive;https://cf.geekdo-images.com/imagepage/img/lsH2xtZWyD25v81G5ERAPrbHN3o=/fit-in/900x600/filters:no_upscale()/pic1350204.jpg;;
Cry Havoc;3,4;Long;;Yes;Competitive;https://cf.geekdo-images.com/imagepage/img/4rVEvQAnhDPY0QxCXBLGoJlUpmo=/fit-in/900x600/filters:no_upscale()/pic3090929.jpg;;
Dale of Merchants;2,3;Average;;Yes;Competitive;https://cf.geekdo-images.com/imagepage/img/wM636UKMM1juiJ0bLX38CDvTNQU=/fit-in/900x600/filters:no_upscale()/pic2772192.jpg;;
Dead Man's Draw;2,3,4;Filler;Super Casual;Yes;Competitive;https://cf.geekdo-images.com/imagepage/img/45vMTpG2G4UzOmkxLAAviD3DO2k=/fit-in/900x600/filters:no_upscale()/pic2923119.jpg;;
Dead Men Tell No Tales;3,4;;;Yes;Cooperative;https://cf.geekdo-images.com/imagepage/img/gKX4dKajEAbXrSRPHiA9w0OkRN0=/fit-in/900x600/filters:no_upscale()/pic2545662.jpg;;
Dead of Winter: A Crossroads Game;4,5;Long;;Yes;Traitor-Based;https://cf.geekdo-images.com/imagepage/img/IoC3kSvE7fHaZV868Mf_jbpx8r8=/fit-in/900x600/filters:no_upscale()/pic3016500.jpg;;
Dead of Winter: The Long Night;4,5;Long;;No;Traitor-Based;https://cf.geekdo-images.com/imagepage/img/LEHV-c1jfnNq6ZucA8gxu2JN4Ug=/fit-in/900x600/filters:no_upscale()/pic2906832.jpg;;
Deception: Murder in Hong Kong;6,7,8,9;Short;;Yes;Traitor-Based;https://cf.geekdo-images.com/imagepage/img/I_4F05ou295lHPqmD-h0PFGpcuw=/fit-in/900x600/filters:no_upscale()/pic2568916.jpg;;
Defenders of the Last Stand;2,3,4;Super Long;;Yes;Cooperative;https://cf.geekdo-images.com/imagepage/img/buQzUL9WjsfUg7Pd_zqrjrKYRbs=/fit-in/900x600/filters:no_upscale()/pic3075584.jpg;;
Deus;2,3,4;;;Yes;Competitive;https://cf.geekdo-images.com/imagepage/img/0Med1PEt-UPiEkFRSAOIRoou4sg=/fit-in/900x600/filters:no_upscale()/pic2219643.png;;
Dice City;2,3;;;Yes;Competitive;https://cf.geekdo-images.com/imagepage/img/K9jKH83gefQ7_izAHh5l89NsJ-E=/fit-in/900x600/filters:no_upscale()/pic2561229.jpg;;
Dice Town;4,5;;;Yes;Competitive;https://cf.geekdo-images.com/imagepage/img/j-pXIMyEgNALW1efRdZhMG8kstQ=/fit-in/900x600/filters:no_upscale()/pic3763073.jpg;;
Disc Duelers;2,4;;;No;Competitive, Team-based;https://cf.geekdo-images.com/imagepage/img/C7-uRxs6q48gjgJq5mustq1aBGM=/fit-in/900x600/filters:no_upscale()/pic1638838.jpg;;
Dominion;2,3,4;Short;;Yes;Competitive;https://cf.geekdo-images.com/imagepage/img/2_nRoM94UdtMV2dh_t3C3fl4QPM=/fit-in/900x600/filters:no_upscale()/pic394356.jpg;;
Downforce;3,4,5,6;;Casual;No;Competitive;https://cf.geekdo-images.com/imagepage/img/ozyfHOhaPip151N368D7PjbUoS8=/fit-in/900x600/filters:no_upscale()/pic3432548.png;;
Dragon Racer;3,4;;;Yes;Competitive;https://cf.geekdo-images.com/imagepage/img/RsVEF_z9t4JuNQ9wO0BVgJcnhEc=/fit-in/900x600/filters:no_upscale()/pic2731638.jpg;;
Dream Home;2,3,4;;;No;Competitive;https://cf.geekdo-images.com/imagepage/img/loZRM78kYm9VNmjQJy3qe54Uilg=/fit-in/900x600/filters:no_upscale()/pic3176771.jpg;;
The Duke;2;Quick;;Yes;Competitive;https://cf.geekdo-images.com/imagepage/img/aqbmx-qQlmaLdUlBsQdZtlLyIkw=/fit-in/900x600/filters:no_upscale()/pic1688903.jpg;;
Dungeon Lords;4;;;No;Competitive;https://cf.geekdo-images.com/imagepage/img/lW7C8Lbrcq4nZc52QG6FLz4SL-U=/fit-in/900x600/filters:no_upscale()/pic569340.jpg;;
Eclipse;3,4,5,6;;;No;Competitive;https://cf.geekdo-images.com/imagepage/img/k3PWtaZqHdpPBrAGd5yg4EKACbU=/fit-in/900x600/filters:no_upscale()/pic1974056.jpg;;
Elysium;3,4;Average;;Yes;Competitive;https://cf.geekdo-images.com/imagepage/img/x-_Q7oSIc-rBFnsGfnnmC2NH_JI=/fit-in/900x600/filters:no_upscale()/pic2837103.png;;
Eminent Domain;2,3,4;;;No;Competitive;https://cf.geekdo-images.com/imagepage/img/xlhZE8R2GA8-z1nliIqSUk4t1jE=/fit-in/900x600/filters:no_upscale()/pic1160506.jpg;;
Fairy Tale;3,4,5;;;Yes;Competitive;https://cf.geekdo-images.com/imagepage/img/KkKDp8ZmADHrNkPFkRBKvGkFpJk=/fit-in/900x600/filters:no_upscale()/pic2024738.jpg;;
A Feast for Odin;1,2,3;;;No;Competitive;https://cf.geekdo-images.com/imagepage/img/p5cFyzJjEeXzBwfg2vof3R8h4Ac=/fit-in/900x600/filters:no_upscale()/pic3146943.png;;
Fields of Arle;1,2;Long;;Yes;Competitive;https://cf.geekdo-images.com/imagepage/img/pKllREhSqlALLWaQRDVxKDKuEO0=/fit-in/900x600/filters:no_upscale()/pic2225968.png;;Fred, Vivi
Five Tribes;2,3,4;Long;;Yes;Competitive;https://cf.geekdo-images.com/imagepage/img/zemPGqup_Yeve-4N-H0ufktr9Fg=/fit-in/900x600/filters:no_upscale()/pic2055255.jpg;;Fred, Vivi
Flick 'em Up!;2,4;;;No;Team-Based;https://cf.geekdo-images.com/imagepage/img/6Y8xDQYmVdHeYKuvRxmylZmbgh8=/fit-in/900x600/filters:no_upscale()/pic2439671.png;;
Flip City;2,3;;;Yes;Competitive;https://cf.geekdo-images.com/imagepage/img/2h8cqYfDuHfkmpabKC04O4e-v9c=/fit-in/900x600/filters:no_upscale()/pic2499620.png;;
For Sale;4,5,6;Quick;;Yes;Competitive;https://cf.geekdo-images.com/imagepage/img/3Jhd08GBTiqqk2MYNT8xIUdCfnQ=/fit-in/900x600/filters:no_upscale()/pic1513085.jpg;;Fred
The Fox in the Forest;2;Short;;Yes;Competitive;https://cf.geekdo-images.com/imagepage/img/AyK9K1mcrJNbU9qjun749OdQXms=/fit-in/900x600/filters:no_upscale()/pic3496085.jpg;;
Francis Drake;4,5;;;No;Competitive;https://cf.geekdo-images.com/imagepage/img/VmX8kP961_V3hW-hA_8kTbmjzdk=/fit-in/900x600/filters:no_upscale()/pic1616979.jpg;;
Freedom: The Underground Railroad;1,2,3,4;;;No;Cooperative;https://cf.geekdo-images.com/imagepage/img/Qfk_cFPCKrkNit9npWJKTvU0EbM=/fit-in/900x600/filters:no_upscale()/pic1478723.jpg;;
Fresco;3,4;Average;;Yes;Competitive;https://cf.geekdo-images.com/imagepage/img/e41xzI3_WLeJbkDVsiAFPCwzJS0=/fit-in/900x600/filters:no_upscale()/pic714398.jpg;;
Fugitive;2;Filler;;Yes;Competitive;https://cf.geekdo-images.com/imagepage/img/loMkYGBMAbExwsa1VcM8lko4208=/fit-in/900x600/filters:no_upscale()/pic3481216.png;;
Galaxy Trucker;3,4;Average;;Yes;Competitive;https://cf.geekdo-images.com/imagepage/img/cU42uKWP1O5sakPA3Iv8zrVIVCw=/fit-in/900x600/filters:no_upscale()/pic3926631.jpg;;
Ganz schön clever;2,3;;;No;Competitive;https://cf.geekdo-images.com/imagepage/img/NzK_1i0BgaiE-yyJc1TyaI7RoVI=/fit-in/900x600/filters:no_upscale()/pic3941961.png;;
Genoa;4,5;;;No;Competitive;https://cf.geekdo-images.com/imagepage/img/c39H-WQkgI702YfLPR6h-BwHKZQ=/fit-in/900x600/filters:no_upscale()/pic450409.jpg;;
Ghost Blitz: Spooky Doo;3,4,5,6,7,8;Filler;Super Casual;Yes;Competitive;https://cf.geekdo-images.com/imagepage/img/GM08l8pibXD0qAWLrIUoVoTRnpI=/fit-in/900x600/filters:no_upscale()/pic3065487.png;;
Ghost Stories;4;Average;;Yes;Cooperative;https://cf.geekdo-images.com/imagepage/img/N1aTqyTf7g_Gk4S_WKCbz5yBZZk=/fit-in/900x600/filters:no_upscale()/pic1790243.jpg;;Fred
Glass Road;2,3,4;Average;;Yes;Competitive;https://cf.geekdo-images.com/imagepage/img/21FPr9tNSisr0wJgnwPwipne3jg=/fit-in/900x600/filters:no_upscale()/pic3505745.jpg;;
El Grande Big Box;4,5;;;No;Competitive;https://cf.geekdo-images.com/imagepage/img/_rMS9bS7FWhZ5qjSREnD9sWQ-OM=/fit-in/900x600/filters:no_upscale()/pic2748424.jpg;;
La Granja;2,3,4;Average;;Yes;Competitive;https://cf.geekdo-images.com/imagepage/img/SP9S5NLdZJOCorJnJVv_BeUVtnA=/fit-in/900x600/filters:no_upscale()/pic2031777.jpg;;
Great Western Trail;2,3;Average;;Yes;Competitive;https://cf.geekdo-images.com/imagepage/img/yb940ZsNQPpjUX7PK7Jx9YH_87o=/fit-in/900x600/filters:no_upscale()/pic3113247.jpg;;
The Grizzled;3,4,5;Short;;Yes;Cooperative;https://cf.geekdo-images.com/imagepage/img/kF_S50AU_fmz25-qzu5kQuCSc1Y=/fit-in/900x600/filters:no_upscale()/pic3719610.png;;
Guildhall Fantasy: Alliance;2;Short;;Yes;Competitive;https://cf.geekdo-images.com/imagepage/img/EuVTCYuudQJI1uwXppMrqUMlOrI=/fit-in/900x600/filters:no_upscale()/pic3167342.jpg;;
Hanabi;3,4,5;Short;Casual;Yes;Cooperative;https://cf.geekdo-images.com/imagepage/img/TWf6YMT5YMzpj8Xnjp8dS6nJVRc=/fit-in/900x600/filters:no_upscale()/pic2007286.jpg;;
Happy Pigs;3,4,5,6;Average;;Yes;Competitive;https://cf.geekdo-images.com/imagepage/img/bKK9f7VG94rP_Y9tPxby4KBWSZ4=/fit-in/900x600/filters:no_upscale()/pic2830958.jpg;;
Heart of Crown;2,3,4;Average;;Yes;Competitive;https://cf.geekdo-images.com/imagepage/img/0Ldsep6eGtpwQpJxAochQYOEnQI=/fit-in/900x600/filters:no_upscale()/pic3210468.jpg;;
Imperial Settlers;2,3;Average;;Yes;Competitive;https://cf.geekdo-images.com/imagepage/img/iazkiYF_597VwNDtk0Cf_iue-yg=/fit-in/900x600/filters:no_upscale()/pic2871265.jpg;;Fred
In the Year of the Dragon;3,4,5;;;No;Competitive;https://cf.geekdo-images.com/imagepage/img/YEXPx-nrF_MA27yV4CaT4HSLylc=/fit-in/900x600/filters:no_upscale()/pic285822.jpg;;
Innovation;2,3;Average;;Yes;Competitive;https://cf.geekdo-images.com/imagepage/img/AF3qypFPWlUiQmM6MnWN-tOJ_1Q=/fit-in/900x600/filters:no_upscale()/pic1440811.jpg;;
Islebound;2,3,4;;;No;Competitive;https://cf.geekdo-images.com/imagepage/img/3GxWK0IiyrCEvHu9YIHFwKbRgYk=/fit-in/900x600/filters:no_upscale()/pic2812825.jpg;;
Istanbul;3,4,5;Average;;Yes;Competitive;https://cf.geekdo-images.com/imagepage/img/G7mfApQC7h3va6gBTkBz8v1kZec=/fit-in/900x600/filters:no_upscale()/pic1885326.jpg;;
Istanbul: The Dice Game;2,3,4;;;No;Competitive;https://cf.geekdo-images.com/imagepage/img/G2bmqN2yqG1Iwmk-PDlsEhgFEtY=/fit-in/900x600/filters:no_upscale()/pic4017301.jpg;;
Jaipur;2;Quick;Super Casual;Yes;Competitive;https://cf.geekdo-images.com/imagepage/img/gO3oWSSwnSuv2OpPxn6tbH8g6Nc=/fit-in/900x600/filters:no_upscale()/pic725500.jpg;;
Jamaica;4,5,6;Average;;Yes;Competitive;https://cf.geekdo-images.com/imagepage/img/S3vB9iH4B0QhsHhc_P6uU9hyyoY=/fit-in/900x600/filters:no_upscale()/pic1502119.jpg;;
Kanagawa;3,4;Average;;Yes;Competitive;https://cf.geekdo-images.com/imagepage/img/tJu3FN7pOrdpTQ9hbf1b_v0fw7w=/fit-in/900x600/filters:no_upscale()/pic3105168.jpg;;
Keyflower;2,3,4;;;No;Competitive;https://cf.geekdo-images.com/imagepage/img/HR1V4BanUbsX5iBMhN6G0gmCCJI=/fit-in/900x600/filters:no_upscale()/pic2278942.jpg;;
KLASK;2;Quick;Super Casual;Yes;Competitive;https://cf.geekdo-images.com/imagepage/img/tTKJ2wI3fVl_hQ3UHyNHs4Shf6A=/fit-in/900x600/filters:no_upscale()/pic2627442.jpg;;
Legendary: A Marvel Deck Building Game;2,3,4;Average;;Yes;Competitive, Cooperative;https://cf.geekdo-images.com/imagepage/img/gTfZ6rV1kyRROhFBbbsnwU1QfvY=/fit-in/900x600/filters:no_upscale()/pic1430769.jpg;;
Letters from Whitechapel;2,3,4,5,6;Long;;Yes;Team-based;https://cf.geekdo-images.com/imagepage/img/f_1iSiSorZJDxOREFfPlDvrsKcM=/fit-in/900x600/filters:no_upscale()/pic1545654.jpg;;
Libertalia;3,4,5,6;Average;;Yes;Competitive;https://cf.geekdo-images.com/imagepage/img/2LGdOdygUYNTq_DZ9obZFfs71Yc=/fit-in/900x600/filters:no_upscale()/pic1326136.jpg;;
Loony Quest;2,3,4,5;Average;Super Casual;Yes;Competitive;https://cf.geekdo-images.com/imagepage/img/QsnjLdVxcBZh6dBm65c0b3VLyng=/fit-in/900x600/filters:no_upscale()/pic3043308.jpg;;
Lords of Hellas;3,4;;;No;Competitive;https://cf.geekdo-images.com/imagepage/img/OHZZqtFBHr_6pDwmQfb1gLAdQcE=/fit-in/900x600/filters:no_upscale()/pic3592207.jpg;;
Lords of Waterdeep;3,4;Long;;Yes;Competitive;https://cf.geekdo-images.com/imagepage/img/3pM32ohm5NueAp-8j7MqQ7SBYME=/fit-in/900x600/filters:no_upscale()/pic1116080.jpg;;
Lords of Xidit;4,5;;;No;Competitive;https://cf.geekdo-images.com/imagepage/img/hEpBw7dIWWHLUh7WNjrgOUsmG4Y=/fit-in/900x600/filters:no_upscale()/pic2074460.jpg;;
Lorenzo il Magnifico;3,4;Long;;Yes;Competitive;https://cf.geekdo-images.com/imagepage/img/1i84sMqH3KPDwLoQZwME1EHKrr8=/fit-in/900x600/filters:no_upscale()/pic3175535.jpg;;
Lost Cities;2;Quick;;Yes;Competitive;https://cf.geekdo-images.com/imagepage/img/kNOK3IkwYIeoOQAeOMhOH9U7z88=/fit-in/900x600/filters:no_upscale()/pic2606107.jpg;;
Love Letter;3,4;Filler;Super Casual;Yes;Competitive;https://cf.geekdo-images.com/imagepage/img/hOPZoId2WWSL0V21868AyN6nhQs=/fit-in/900x600/filters:no_upscale()/pic1401448.jpg;;
Luna;2,3,4;Average;;Yes;Competitive;https://cf.geekdo-images.com/imagepage/img/e9I_ticdrmUO14Vkmb7-vHQDbSM=/fit-in/900x600/filters:no_upscale()/pic2538939.png;;
Lunarchitects;2,3,4;Average;;Yes;Competitive;https://cf.geekdo-images.com/imagepage/img/NPqn2JB18yDh1olvBRYDtCaIops=/fit-in/900x600/filters:no_upscale()/pic2748912.jpg;;
Machi Koro;3,4;Short;;Yes;Competitive;https://cf.geekdo-images.com/imagepage/img/6FHXXcrwrt00-h1rwwVF29tFDKo=/fit-in/900x600/filters:no_upscale()/pic1992476.jpg;;
Mafia de Cuba;7,8,9,10,11,12;Quick;;Yes;Team-based, Traitor-based;https://cf.geekdo-images.com/imagepage/img/qKwxEiv-3Cs6OaKPO-FK7p7rz-U=/fit-in/900x600/filters:no_upscale()/pic2519675.jpg;;
Magic Maze;3,4;Filler;Super Casual;Yes;Cooperative;https://cf.geekdo-images.com/imagepage/img/Y_FV67hvf_gVE0SXnrVYGeznxik=/fit-in/900x600/filters:no_upscale()/pic3268473.jpg;;
The Manhattan Project: Energy Empire;3,4;;;No;Competitive;https://cf.geekdo-images.com/imagepage/img/l7h6doOeTYgjLzUUnOMJCknYlJA=/fit-in/900x600/filters:no_upscale()/pic3048617.jpg;;
Millennium Blades;3,4;;;No;Competitive;https://cf.geekdo-images.com/imagepage/img/anvOLnZkH7C7L5bkVkzNcf_f22U=/fit-in/900x600/filters:no_upscale()/pic2468179.jpg;;
Mombasa;3,4;;;No;Competitive;https://cf.geekdo-images.com/imagepage/img/_19PYpOdJ8tI37_IQOOr-HaRnUQ=/fit-in/900x600/filters:no_upscale()/pic2611318.jpg;;
Mottainai;2,3;Short;;Yes;Competitive;https://cf.geekdo-images.com/imagepage/img/WtNkSQczspybQusY_oRr2YlRku0=/fit-in/900x600/filters:no_upscale()/pic2688214.jpg;;
Murano;3,4;Average;;Yes;Competitive;https://cf.geekdo-images.com/imagepage/img/-BY1tn8NM7RvAbIezGMIurblcwI=/fit-in/900x600/filters:no_upscale()/pic2231613.jpg;;
My Village;2,3;Average;;Yes;Competitive;https://cf.geekdo-images.com/imagepage/img/DMr1Jy550_prgV73cRkBKJ264o0=/fit-in/900x600/filters:no_upscale()/pic2760567.jpg;;
Myrmes;2,3,4;;;No;Competitive;https://cf.geekdo-images.com/imagepage/img/5ANh8jSfH-FI71sAXxaJIFKUl4I=/fit-in/900x600/filters:no_upscale()/pic1370050.jpg;;
Mythos Tales;2,3,4;;;No;Cooperative, Storytelling;https://cf.geekdo-images.com/imagepage/img/57VKjQFdhSfq0jTkM98sfUJexdE=/fit-in/900x600/filters:no_upscale()/pic3955344.png;;
Nations;3,4;;;No;Competitive;https://cf.geekdo-images.com/imagepage/img/4E7kDm7wD9XgZ4hRNC2GE5G6F1E=/fit-in/900x600/filters:no_upscale()/pic1591406.png;;
New Amsterdam;4,5;;;No;Competitive;https://cf.geekdo-images.com/imagepage/img/kLWz8X00koHNUWlKn0btDOMSYVE=/fit-in/900x600/filters:no_upscale()/pic1781109.jpg;;
New Angeles;5,6;;;No;Competitive;https://cf.geekdo-images.com/imagepage/img/hzjZrp9tmnR6UKjS8cV9I_oTsa0=/fit-in/900x600/filters:no_upscale()/pic3123155.jpg;;
New York 1901;3,4;Average;Casual;Yes;Competitive;https://cf.geekdo-images.com/imagepage/img/9gyWvMSWSPwVumQAl9nhr4_rWFY=/fit-in/900x600/filters:no_upscale()/pic2515532.jpg;;
Ninjato;3,4;;;Yes;Competitive;https://cf.geekdo-images.com/imagepage/img/PFUCxBlP1X-GK5tQBgRvzp1DkuU=/fit-in/900x600/filters:no_upscale()/pic967931.jpg;;
No Thanks!;4,5;Filler;Super Casual;Yes;Competitive;https://cf.geekdo-images.com/imagepage/img/sTHdua_X8WcHi7-nUXO3ZBVjr64=/fit-in/900x600/filters:no_upscale()/pic2602161.jpg;;
Notre Dame: 10th Anniversary;2,3,4,5;Average;;Yes;Competitive;https://cf.geekdo-images.com/imagepage/img/eMVx01tgdVTVpylA_6mETwpCPGY=/fit-in/900x600/filters:no_upscale()/pic3617406.jpg;;Fred
Orléans;3,4;Long;;Yes;Competitive;https://cf.geekdo-images.com/imagepage/img/fHNOQSGQkAUmlBwpLDOiPUoGSyM=/fit-in/900x600/filters:no_upscale()/pic2578828.png;;
Panamax;4;;;No;Competitive;https://cf.geekdo-images.com/imagepage/img/19wsydcxq-98oWffnAsLjdO3YbM=/fit-in/900x600/filters:no_upscale()/pic1786212.png;;
Pandemic: Iberia;2,3,4;Average;;Yes;Cooperative;https://cf.geekdo-images.com/imagepage/img/7_7G2e-QZcb2in79g7tS015vv4s=/fit-in/900x600/filters:no_upscale()/pic3000850.png;;
Panic Station;5,6;Average;;Yes;Traitor-Based;https://cf.geekdo-images.com/imagepage/img/aeyruHWyDjz0tIiuLgLZ_T-WEcA=/fit-in/900x600/filters:no_upscale()/pic1086190.jpg;;
Pax Renaissance;3,4;;;No;Competitive;https://cf.geekdo-images.com/imagepage/img/UFra94QqNd3nBFt0-bEdcm4P2ks=/fit-in/900x600/filters:no_upscale()/pic3009233.jpg;;
Photosynthesis;3;Average;;Yes;Competitive;https://cf.geekdo-images.com/imagepage/img/WLvj7ydpuWSob7TAFYdZzvSoIEk=/fit-in/900x600/filters:no_upscale()/pic3364832.jpg;;
The Pillars of the Earth;3,4;;;No;Competitive;https://cf.geekdo-images.com/imagepage/img/_eHW5itmKxPEdI2T0X13iOIzk4I=/fit-in/900x600/filters:no_upscale()/pic3691155.jpg;;
Power Grid: The Card Game;3,4,5;;;No;Competitive;https://cf.geekdo-images.com/imagepage/img/hbrBPNoarY22G0EEhDw-g7xPDMQ=/fit-in/900x600/filters:no_upscale()/pic3091756.jpg;;
The Princes of Florence;4,5;;;No;Competitive;https://cf.geekdo-images.com/imagepage/img/HbQLJzo7nwpvCI0GD_7KoXl5Ogs=/fit-in/900x600/filters:no_upscale()/pic1306997.jpg;;
The Prodigals Club;3,4;;;No;Competitive;https://cf.geekdo-images.com/imagepage/img/e94U7TaHyP6_0YonPugeWur9b7A=/fit-in/900x600/filters:no_upscale()/pic2684453.jpg;;
Puerto Rico;3,4,5;;;Yes;Competitive;https://cf.geekdo-images.com/imagepage/img/fuWLlv4q0w8Bd6rZC8PGDH-TKbA=/fit-in/900x600/filters:no_upscale()/pic158548.jpg;;
Pulsar 2849;2,3,4;;;No;Competitive;https://cf.geekdo-images.com/imagepage/img/TfCcnWIZmx0AsSE6v6ZhvNcA6cw=/fit-in/900x600/filters:no_upscale()/pic3736981.jpg;;
Quadropolis;2,3,4;;;Yes;Competitive;https://cf.geekdo-images.com/imagepage/img/imtRW8htetQkrekOqgHuZSTIWhw=/fit-in/900x600/filters:no_upscale()/pic2840020.jpg;;
Quantum;3,4;Average;;Yes;Competitive;https://cf.geekdo-images.com/imagepage/img/hgU9BWucto73tPYfoad01KYYlgY=/fit-in/900x600/filters:no_upscale()/pic1727619.jpg;;
Qwirkle;2,3,4;Average;;Yes;Competitive;https://cf.geekdo-images.com/imagepage/img/TNEjh_vEteNAXmO8sYiO0N00Arg=/fit-in/900x600/filters:no_upscale()/pic309353.jpg;;
Race for the Galaxy;2,3,4;Short;;Yes;Competitive;https://cf.geekdo-images.com/imagepage/img/s8CngMZC7S6HAC_kE3aC8oVL-Es=/fit-in/900x600/filters:no_upscale()/pic236327.jpg;;
Raiders of the North Sea;2,3,4;Long;;Yes;Competitive;https://cf.geekdo-images.com/imagepage/img/JDWpDN9YS38DL9VQnND6tgsWnHk=/fit-in/900x600/filters:no_upscale()/pic3578101.jpg;;
Raptor;2;Quick;;Yes;Competitive;https://cf.geekdo-images.com/imagepage/img/0bZl-tKqz8FZgUNcDVZUL8tWyRQ=/fit-in/900x600/filters:no_upscale()/pic2520016.jpg;;
Rise of Augustus;3,4,5,6;Average;;Yes;Competitive;https://cf.geekdo-images.com/imagepage/img/eoKIXlORgIG9EI8h8YZBvNX4YnA=/fit-in/900x600/filters:no_upscale()/pic3532649.jpg;;
Robinson Crusoe: Adventures on the Cursed Island;1,2,3,4;;;No;Cooperative;https://cf.geekdo-images.com/imagepage/img/AeDkxvr2Wed-Ht06tW1v9KRFBNc=/fit-in/900x600/filters:no_upscale()/pic1715554.jpg;;
Roll for the Galaxy;3,4;;;No;Competitive;https://cf.geekdo-images.com/imagepage/img/MmsnRf6uZPYdHt-6-7s_0QeMA0A=/fit-in/900x600/filters:no_upscale()/pic1473629.jpg;;
Roll Player;1,2,3,4;Short;;Yes;Competitive;https://cf.geekdo-images.com/imagepage/img/0kmO2OVja6zkhEyknLHJQWQQoQE=/fit-in/900x600/filters:no_upscale()/pic2556921.jpg;;
Rum & Bones;2;Average;;Yes;Competitive;https://cf.geekdo-images.com/imagepage/img/nPrYfvr-FxAHX1S8wmQ7hvtCDkE=/fit-in/900x600/filters:no_upscale()/pic2945727.jpg;;
Samurai Spirit;3,4,5,6,7;Short;;Yes;Cooperative;https://cf.geekdo-images.com/imagepage/img/IFAEMaMjycyR1pcgAc8TW2CrwGc=/fit-in/900x600/filters:no_upscale()/pic2012135.jpg;;Fred
Santa Maria;2,3;Average;;Yes;Competitive;https://cf.geekdo-images.com/imagepage/img/6frFjW57o6MjKtkwqUsye2v4EvE=/fit-in/900x600/filters:no_upscale()/pic3882016.jpg;;
Santorini;2;Quick;;Yes;Competitive;https://cf.geekdo-images.com/imagepage/img/JSAOmYj34LmDeOTNTu6aHDMpcHg=/fit-in/900x600/filters:no_upscale()/pic3283110.png;;Vivi
Schotten Totten;2;;;No;Competitive;https://cf.geekdo-images.com/imagepage/img/SfnW5uJFKzpcMvy8DEByekRhUMw=/fit-in/900x600/filters:no_upscale()/pic2932872.jpg;;
Seasons;2,3;;;Yes;Competitive;https://cf.geekdo-images.com/imagepage/img/nKrMRAc2W-e2itPUvScJH47Nylk=/fit-in/900x600/filters:no_upscale()/pic1299390.jpg;;
Sellswords;2;Quick;;Yes;Competitive;https://cf.geekdo-images.com/imagepage/img/k40DdnJuH5XkzXM596x7MP1_S4o=/fit-in/900x600/filters:no_upscale()/pic2032246.png;;
Sentient;2,3;;;No;Competitive;https://cf.geekdo-images.com/imagepage/img/7zMqKc96vSA7zezXZNEKEaUlFZQ=/fit-in/900x600/filters:no_upscale()/pic3496086.jpg;;
Shadowrun: Crossfire;2,3,4;Average;;Yes;Cooperative;https://cf.geekdo-images.com/imagepage/img/zodOHCu9qpQf6AOqwo5rSnnIEA8=/fit-in/900x600/filters:no_upscale()/pic2060466.jpg;;
Sheriff of Nottingham;4,5;;;Yes;Competitive;https://cf.geekdo-images.com/imagepage/img/m9_QpuWDR7W-YDURCHeIoAtYuRY=/fit-in/900x600/filters:no_upscale()/pic2075830.jpg;;
Sherlock Holmes Consulting Detective: The Thames Murders & Other Cases;1,2,3;;;No;Cooperative, Storytelling;https://cf.geekdo-images.com/imagepage/img/CA2rTB4f_s3ySQtsF1p0HOC5PzU=/fit-in/900x600/filters:no_upscale()/pic3514298.jpg;;
Shifty Eyed Spies;6,7,8;;;No;Competitive;https://cf.geekdo-images.com/imagepage/img/IfAY3s6HtxFmAGWSAld3N_llt5c=/fit-in/900x600/filters:no_upscale()/pic3686323.jpg;;
Sidereal Confluence: Trading and Negotiation in the Elysian Quadrant;4,5,6,7,8,9;;;No;Competitive;https://cf.geekdo-images.com/imagepage/img/MJL5Qkm42XHMJhzw-MEOze7KMn0=/fit-in/900x600/filters:no_upscale()/pic3476762.png;;
Sleuth;4;Short;;Yes;Competitive;https://cf.geekdo-images.com/imagepage/img/os0wWB8rTtzgKDwJ-qcsIVQLDHc=/fit-in/900x600/filters:no_upscale()/pic1339353.png;;Vivi
Snowdonia;2,3,4;;;No;Competitive;https://cf.geekdo-images.com/imagepage/img/DNqsmZ5jchJtqTwCb9iNXM7uziY=/fit-in/900x600/filters:no_upscale()/pic1430858.jpg;;
Space Alert;4,5;;;No;Cooperative;https://cf.geekdo-images.com/imagepage/img/tPmutJo_Q5AkURr3NFiddzYia14=/fit-in/900x600/filters:no_upscale()/pic384313.jpg;;
Space Base;2,3,4;Average;;Yes;Competitive;https://cf.geekdo-images.com/imagepage/img/g0qhDdAwu093tq4ALHhWu29AwK4=/fit-in/900x600/filters:no_upscale()/pic4017302.jpg;;
Space Cantina;2,3,4;;;Yes;Competitive;https://cf.geekdo-images.com/imagepage/img/xw7qU2eWsjpT-ZMJYNUPrNapJbU=/fit-in/900x600/filters:no_upscale()/pic3020674.jpg;;
Specter Ops;2,3,4;;;No;Team-based;https://cf.geekdo-images.com/imagepage/img/TYMhvmEXTV0V3eOL3A_HJXHQc4E=/fit-in/900x600/filters:no_upscale()/pic2486481.jpg;;
The Speicherstadt;3,4;;;Yes;Competitive;https://cf.geekdo-images.com/imagepage/img/29auVlUmawK7ll5Y6eYYc8mAfmw=/fit-in/900x600/filters:no_upscale()/pic686491.jpg;;
Spirit Island;2,3;Long;;Yes;Cooperative;https://cf.geekdo-images.com/imagepage/img/q_b5Jw43Tnyw3hT8l2zMKmLOPvU=/fit-in/900x600/filters:no_upscale()/pic3615739.png;;Fred
Splendor;2,3,4;Average;;Yes;Competitive;https://cf.geekdo-images.com/imagepage/img/pUmqbocA9S9-E37EkgCHMAL_HJ0=/fit-in/900x600/filters:no_upscale()/pic1904079.jpg;;
Spoils of War;4,5;;;No;Competitive;https://cf.geekdo-images.com/imagepage/img/mEJxnpF6n6eUR4FG95eaq3IaDmk=/fit-in/900x600/filters:no_upscale()/pic3536557.jpg;;
Spot it!;3,4,5,6,7;Filler;Super Casual;Yes;Competitive;https://cf.geekdo-images.com/imagepage/img/Jxm_utjpi_iUVarZYDmHDztPR5Y=/fit-in/900x600/filters:no_upscale()/pic1203476.jpg;;
Spyfall 2;5,6,7,8,9,10;Filler;Super Casual;Yes;Team-based, Traitor-based;https://cf.geekdo-images.com/imagepage/img/hMcDAvKLDDFnyXjCjbwhNJugdY8=/fit-in/900x600/filters:no_upscale()/pic4141398.jpg;;
Star Realms;2;Quick;;Yes;Competitive;https://cf.geekdo-images.com/imagepage/img/izgzrVEpcwRH19gkna9oIb4xS_c=/fit-in/900x600/filters:no_upscale()/pic1903816.jpg;;
The Staufer Dynasty;3,4;;;No;Competitive;https://cf.geekdo-images.com/imagepage/img/n_tq2Mg8VyGP8b1rVZRx_NjB29E=/fit-in/900x600/filters:no_upscale()/pic2256945.png;;
Steam;3,4,5;;;No;Competitive;https://cf.geekdo-images.com/imagepage/img/7_gH2JX2Onv7Ie2sF3KL0eepLaU=/fit-in/900x600/filters:no_upscale()/pic392515.jpg;;
Steampunk Rally;3,4,5,6;Average;;Yes;Competitive;https://cf.geekdo-images.com/imagepage/img/iYwUw9duVDRufwBNneOBSylL524=/fit-in/900x600/filters:no_upscale()/pic2073821.jpg;;
Stockpile;3,4,5;Average;;Yes;Competitive;https://cf.geekdo-images.com/imagepage/img/GNPRdYvGbPXqZwJ2yXk1i-1wBPc=/fit-in/900x600/filters:no_upscale()/pic2537618.jpg;;
Stone Age;3,4;Average;;Yes;Competitive;https://cf.geekdo-images.com/imagepage/img/javO8Hu92MR-1f01BuFPQAtFzlY=/fit-in/900x600/filters:no_upscale()/pic1632539.jpg;;Fred
Suburbia;2,3,4;;;Yes;Competitive;https://cf.geekdo-images.com/imagepage/img/0qWXUQ6hL3Y7XUwZCIz7hGHJQLc=/fit-in/900x600/filters:no_upscale()/pic1418335.jpg;;
Super Dungeon Explore: Forgotten King;3,4;;;No;Competitive;https://cf.geekdo-images.com/imagepage/img/UR4_oan5MOD0kfRVZ2E7xA9k7Z8=/fit-in/900x600/filters:no_upscale()/pic2755578.jpg;;
Sushi Go Party!;3,4,5,6,7;Short;Super Casual;Yes;Competitive;https://cf.geekdo-images.com/imagepage/img/9fYmmxZL39Oeb-QIku9iuITh6ek=/fit-in/900x600/filters:no_upscale()/pic3031286.jpg;;
Takenoko;2,34;;;Yes;Competitive;https://cf.geekdo-images.com/imagepage/img/C06AUY7ifnExVTnml96Xb2Bc7dk=/fit-in/900x600/filters:no_upscale()/pic1912529.jpg;;
Targi;2;Short;;Yes;Competitive;https://cf.geekdo-images.com/imagepage/img/q0jvzH8vZPGhjk7ieaDKPXBibnA=/fit-in/900x600/filters:no_upscale()/pic3958793.jpg;;Fred
Tash-Kalar: Arena of Legends;2;Short;;Yes;Competitive;https://cf.geekdo-images.com/imagepage/img/7c_C5kpbUQuEIUg1JE74DxKIhlI=/fit-in/900x600/filters:no_upscale()/pic1875045.jpg;;
Terra Mystica;3,4,5;Long;;Yes;Competitive;https://cf.geekdo-images.com/imagepage/img/JS90_q_U-h5Xe9Dn2jTTky-FqOs=/fit-in/900x600/filters:no_upscale()/pic1356616.jpg;;
Terraforming Mars;2,3,4;Long;;Yes;Competitive;https://cf.geekdo-images.com/imagepage/img/sgZLoyg3KKeHvyHel8tZ2TIkXRw=/fit-in/900x600/filters:no_upscale()/pic3536616.jpg;;Fred
Thebes;3,4;Average;;Yes;Competitive;https://cf.geekdo-images.com/imagepage/img/hEW6xV1Bo_yjmxHWTKGA8tFUA9E=/fit-in/900x600/filters:no_upscale()/pic2723204.jpg;;
Through the Ages: A New Story of Civilization;2,3;Long;;Yes;Competitive;https://cf.geekdo-images.com/imagepage/img/lewVt7gXhfpps_hIHU5mrP75ypY=/fit-in/900x600/filters:no_upscale()/pic2663291.jpg;;
Thunder & Lightning;2;Quick;;Yes;Competitive;https://cf.geekdo-images.com/imagepage/img/57dpYxtjLhRP8dC6MH_QtwoQRzQ=/fit-in/900x600/filters:no_upscale()/pic2849820.jpg;;
Tichu;4;;;No;Team-based;https://cf.geekdo-images.com/imagepage/img/Gfi8ft4lV1hUrTQOc_mkEf9xuk0=/fit-in/900x600/filters:no_upscale()/pic169494.jpg;;
Time's Up! Deluxe;6,8,10,12;Quick;Super Casual;Yes;Team-based;https://cf.geekdo-images.com/imagepage/img/0pK65tO7AjgscnuN4NB8PXfKKdQ=/fit-in/900x600/filters:no_upscale()/pic1937569.jpg;;
Timeline: Canada;4,5,6,7,8;Quick;Super Casual;No;Competitive;https://cf.geekdo-images.com/imagepage/img/0cPLk3bVAgfxvlwkTvTZktMrKfA=/fit-in/900x600/filters:no_upscale()/pic4206812.jpg;;
Tiny Epic Quest;2,3,4;;;No;Competitive;https://cf.geekdo-images.com/imagepage/img/JTPVtX3JiMROnU8tQgMw8QTMTXQ=/fit-in/900x600/filters:no_upscale()/pic3120755.jpg;;
Tobago;3,4;;;No;Competitive;https://cf.geekdo-images.com/imagepage/img/Nur41Xa8Jw6MYghvQRU7O0D9hAQ=/fit-in/900x600/filters:no_upscale()/pic596625.jpg;;
Tragedy Looper;4;;;Yes;Team-based;https://cf.geekdo-images.com/imagepage/img/vlSz9bCVcsCQ0pD50m2bhEPW_Lk=/fit-in/900x600/filters:no_upscale()/pic2046290.png;;
Trajan;2,3,4;;;No;Competitive;https://cf.geekdo-images.com/imagepage/img/0CcCZ3lBr4IpCjXQ1Qgydn-BhNc=/fit-in/900x600/filters:no_upscale()/pic1054375.jpg;;
Ultimate Werewolf: Ultimate Edition;10,11,12,13,14,15,16,17,18,19,20;Short;;Yes;Team-based, Traitor-based;https://cf.geekdo-images.com/imagepage/img/AC2rHQU8fTu9DZ6TpXLU2yOXoX4=/fit-in/900x600/filters:no_upscale()/pic1849390.jpg;;
Valley of the Kings: Last Rites;2,3;Average;;Yes;Competitive;https://cf.geekdo-images.com/imagepage/img/Ipddgy4Bmw-asDAfYB9oszZ6rOE=/fit-in/900x600/filters:no_upscale()/pic3203810.jpg;;
Vast: The Crystal Caverns;3,4,5;;;No;Competitive;https://cf.geekdo-images.com/imagepage/img/d_-BA8wyApUR45GfQFcAKYulbOU=/fit-in/900x600/filters:no_upscale()/pic2962290.jpg;;
Viceroy;2,3,4;Average;;Yes;Competitive;https://cf.geekdo-images.com/imagepage/img/cChVuqoA1qXzmL1SsMQ29ZQfRIM=/fit-in/900x600/filters:no_upscale()/pic2254354.jpg;;
Vikings;2,3;Average;;Yes;Competitive;https://cf.geekdo-images.com/imagepage/img/DrFAQ8DcJh3eLLIEZ2VMFzl18qI=/fit-in/900x600/filters:no_upscale()/pic1904581.jpg;;
Village;3,4;Long;;Yes;Competitive;https://cf.geekdo-images.com/imagepage/img/apcg9SKBIpIPHk1i2HNLUxumIt8=/fit-in/900x600/filters:no_upscale()/pic2760568.jpg;;Vivi
Viticulture Essential Edition;3,4,5;Long;;No;Competitive;https://cf.geekdo-images.com/imagepage/img/OU9wLlDb5YahgWq3Drq7xXiRQYo=/fit-in/900x600/filters:no_upscale()/pic2649952.jpg;;
The Voyages of Marco Polo;2,3,4;;;Yes;Competitive;https://cf.geekdo-images.com/imagepage/img/NOWYr5d24hWH3x-qIz9Odzl_GW8=/fit-in/900x600/filters:no_upscale()/pic2461346.png;;
Warhammer Quest: The Adventure Card Game;3,4;;;Yes;Cooperative;https://cf.geekdo-images.com/imagepage/img/dIRa8Os3kprrRMQRyKqRT3xgmOw=/fit-in/900x600/filters:no_upscale()/pic2625794.jpg;;
Warhammer: Diskwars;2;;;Yes;Competitive;https://cf.geekdo-images.com/imagepage/img/YI4UqAc8oZxkBNpf5KSdsd2KQuA=/fit-in/900x600/filters:no_upscale()/pic1854825.jpg;;
Way of the Panda;3,4;;;No;Competitive;https://cf.geekdo-images.com/imagepage/img/FNCZQRiVmkaaad2UaRHuQWHBGEQ=/fit-in/900x600/filters:no_upscale()/pic3690730.jpg;;
Welcome to the Dungeon;3,4;Short;;Yes;Competitive;https://cf.geekdo-images.com/imagepage/img/xK4V70jXEW2xp_xCgmi9al2Z_lY=/fit-in/900x600/filters:no_upscale()/pic2436689.jpg;;
XenoShyft;2,3;Long;;Yes;Cooperative;https://cf.geekdo-images.com/imagepage/img/8jCxttpXIulYXfcmXiz75_VE7ek=/fit-in/900x600/filters:no_upscale()/pic2796703.jpg;;Fred
Yamataï;2,3;Long;;Yes;Competitive;https://cf.geekdo-images.com/imagepage/img/5njwcdmNfLMAWwHIictuFEvxqkg=/fit-in/900x600/filters:no_upscale()/pic3357724.jpg;;
Yokohama;2,3,4;;;Yes;Competitive;https://cf.geekdo-images.com/imagepage/img/tnKHRcumouDDrH1SQyIZ0OTJ1V4=/fit-in/900x600/filters:no_upscale()/pic3600984.jpg;;
Yspahan;3,4;Average;;Yes;Competitive;https://cf.geekdo-images.com/imagepage/img/HqhSUMn8vmzO39YyyWBpPoLbu9A=/fit-in/900x600/filters:no_upscale()/pic244381.jpg;;
ZÈRTZ;2;;;No;Competitive;https://cf.geekdo-images.com/imagepage/img/DGLainLUkK7c6IvmBwulZJSMJmY=/fit-in/900x600/filters:no_upscale()/pic3140639.jpg;;
ZhanGuo;2,3,4;;;No;Competitive;https://cf.geekdo-images.com/imagepage/img/gl5K0dlm3wxSgxV_O2M6EfPmLf0=/fit-in/900x600/filters:no_upscale()/pic2242246.jpg;;
Zooloretto;3,4,5;;Casual;No;Competitive;https://cf.geekdo-images.com/imagepage/img/tEL8ZK3NlTMbGCY4m1QJQhPdZrA=/fit-in/900x600/filters:no_upscale()/pic2021685.png;;
